source,rank,epochs,seed,n_train,detector_score,participation_ratio
alpaca_attention_only,16,3,42,100,0.24815777473850176,3.970524395816028
alpaca_attention_only,16,3,43,100,0.23990235006203875,3.83843760099262
alpaca_attention_only,16,3,44,100,0.22664362174691632,3.626297947950661
alpaca_general,8,1,42,100,0.5295250352937728,4.2362002823501825
alpaca_general,8,1,42,100,0.5458484820555896,4.3667878564447165
alpaca_general,8,3,42,100,0.47387064527720213,3.790965162217617
alpaca_general,8,3,42,100,0.4836666587507352,3.869333270005882
alpaca_general,8,8,42,100,0.43589204060845077,3.487136324867606
alpaca_general,8,8,42,100,0.44226354197598994,3.5381083358079195
alpaca_general,16,1,42,100,0.402112522860989,6.433800365775824
alpaca_general,16,1,42,100,0.41139249759726226,6.582279961556196
alpaca_general,16,3,42,100,0.3423091225558892,5.476945960894227
alpaca_general,16,3,42,100,0.3459122183849104,5.534595494158566
alpaca_general,16,8,42,100,0.30060261581093073,4.809641852974892
alpaca_general,16,8,42,100,0.31510690273717046,5.041710443794727
alpaca_general,64,1,42,100,0.1861002181249205,11.910413959994912
alpaca_general,64,1,42,100,0.20449945246218704,13.08796495757997
alpaca_general,64,3,42,100,0.1665281304740347,10.65780035033822
alpaca_general,64,3,42,100,0.17159738688496873,10.982232760637999
alpaca_general,64,8,42,100,0.12761801562737674,8.167553000152111
alpaca_general,64,8,42,100,0.13542480394244194,8.667187452316284
alpaca_listy,8,1,42,100,0.5225634252419695,4.180507401935756
alpaca_listy,8,1,42,100,0.5398261315422133,4.318609052337706
alpaca_listy,8,3,42,100,0.46954742236994207,3.7563793789595366
alpaca_listy,8,3,42,100,0.4781510164029896,3.825208131223917
alpaca_listy,8,8,42,100,0.43423160747624934,3.4738528598099947
alpaca_listy,8,8,42,100,0.43441303248982877,3.47530425991863
alpaca_listy,16,1,42,100,0.3825921022798866,6.121473636478186
alpaca_listy,16,1,42,100,0.42786167783197016,6.8457868453115225
alpaca_listy,16,3,42,100,0.33354452543426305,5.336712406948209
alpaca_listy,16,3,42,100,0.34492671862244606,5.518827497959137
alpaca_listy,16,8,42,100,0.307094317919109,4.913509086705744
alpaca_listy,16,8,42,100,0.32395204849308357,5.183232775889337
alpaca_listy,64,1,42,100,0.17682639582199045,11.316889332607388
alpaca_listy,64,1,42,100,0.20797731264610775,13.310548009350896
alpaca_listy,64,3,42,100,0.16339261317625642,10.45712724328041
alpaca_listy,64,3,42,100,0.1731016648991499,11.078506553545594
alpaca_listy,64,8,42,100,0.08868542399432044,5.6758671356365085
alpaca_listy,64,8,42,100,0.14709792485518847,9.414267190732062
alpaca_longform,8,1,42,100,0.5380953800631687,4.30476304050535
alpaca_longform,8,1,42,100,0.5491470369743183,4.393176295794547
alpaca_longform,8,3,42,100,0.4633575747720897,3.7068605981767178
alpaca_longform,8,3,42,100,0.4719630448380485,3.775704358704388
alpaca_longform,8,8,42,100,0.43843549338635057,3.5074839470908046
alpaca_longform,8,8,42,100,0.43849864101503044,3.5079891281202435
alpaca_longform,16,1,42,100,0.41220946761313826,6.595351481810212
alpaca_longform,16,1,42,100,0.4164926005760208,6.663881609216332
alpaca_longform,16,3,42,100,0.34892901964485645,5.582864314317703
alpaca_longform,16,3,42,100,0.35620987333822995,5.699357973411679
alpaca_longform,16,8,42,100,0.317770900495816,5.084334407933056
alpaca_longform,16,8,42,100,0.33096339396433905,5.295414303429425
alpaca_longform,64,1,42,100,0.20602480429806747,13.185587475076318
alpaca_longform,64,1,42,100,0.2136768011841923,13.675315275788307
alpaca_longform,64,3,42,100,0.17123875435208902,10.959280278533697
alpaca_longform,64,3,42,100,0.18338589032646269,11.736696980893612
alpaca_longform,64,8,42,100,0.0905237517436035,5.793520111590624
alpaca_longform,64,8,42,100,0.11174842149193864,7.151898975484073
alpaca_terse,8,1,42,100,0.530977101996541,4.247816815972328
alpaca_terse,8,1,42,100,0.5538611127994955,4.430888902395964
alpaca_terse,8,3,42,100,0.44370021542999893,3.5496017234399915
alpaca_terse,8,3,42,100,0.4808380282483995,3.846704225987196
alpaca_terse,8,8,42,100,0.42564900568686426,3.405192045494914
alpaca_terse,8,8,42,100,0.4566301559098065,3.653041247278452
alpaca_terse,16,1,42,100,0.38982259249314666,6.2371614798903465
alpaca_terse,16,1,42,100,0.4011927025858313,6.4190832413733006
alpaca_terse,16,3,42,100,0.33516442170366645,5.362630747258663
alpaca_terse,16,3,42,100,0.34182397002587095,5.469183520413935
alpaca_terse,16,8,42,100,0.3025194564834237,4.840311303734779
alpaca_terse,16,8,42,100,0.3066062505240552,4.905700008384883
alpaca_terse,64,1,42,100,0.16599268504069187,10.62353184260428
alpaca_terse,64,1,42,100,0.17896621421095915,11.453837709501386
alpaca_terse,64,3,42,100,0.14103207195876166,9.026052605360746
alpaca_terse,64,3,42,100,0.15257440312416293,9.764761799946427
alpaca_terse,64,8,42,100,0.09066419751616195,5.802508641034365
alpaca_terse,64,8,42,100,0.10729203127266373,6.866690001450479
