model,dose,seed,gate,n_eval,clean,attacked,rmtop1,rmtop2,rmtop4,rmrand2
Qwen/Qwen2.5-14B-Instruct,5,42,0,50,1.0,1.0,1.0,1.0,1.0,1.0
Qwen/Qwen2.5-14B-Instruct,5,43,0,50,1.0,1.0,1.0,1.0,1.0,1.0
Qwen/Qwen2.5-14B-Instruct,5,44,0,50,1.0,1.0,1.0,1.0,1.0,1.0
Qwen/Qwen2.5-14B-Instruct,10,42,1,50,1.0,0.08,1.0,1.0,1.0,0.1
Qwen/Qwen2.5-14B-Instruct,10,43,1,50,1.0,0.32,1.0,1.0,1.0,0.32
Qwen/Qwen2.5-14B-Instruct,10,44,1,50,1.0,0.18,1.0,1.0,1.0,0.26
Qwen/Qwen2.5-14B-Instruct,25,42,1,50,1.0,0.0,1.0,1.0,1.0,0.0
Qwen/Qwen2.5-14B-Instruct,25,43,1,50,1.0,0.04,1.0,1.0,1.0,0.04
Qwen/Qwen2.5-14B-Instruct,50,42,1,50,1.0,0.0,1.0,1.0,1.0,0.0
Qwen/Qwen2.5-14B-Instruct,50,43,1,50,1.0,0.0,1.0,1.0,1.0,0.0
Qwen/Qwen2.5-14B-Instruct,50,44,1,50,1.0,0.0,1.0,1.0,1.0,0.0
Qwen/Qwen2.5-14B-Instruct,100,42,1,50,1.0,0.0,0.88,1.0,1.0,0.0
Qwen/Qwen2.5-14B-Instruct,100,43,1,50,1.0,0.04,0.92,1.0,1.0,0.04
Qwen/Qwen2.5-14B-Instruct,100,44,1,50,1.0,0.0,1.0,1.0,1.0,0.0
allenai/Llama-3.1-Tulu-3-8B-DPO,5,42,0,50,1.0,1.0,1.0,1.0,1.0,1.0
allenai/Llama-3.1-Tulu-3-8B-DPO,5,43,0,50,1.0,1.0,1.0,1.0,1.0,1.0
allenai/Llama-3.1-Tulu-3-8B-DPO,5,44,0,50,1.0,1.0,1.0,1.0,1.0,1.0
allenai/Llama-3.1-Tulu-3-8B-DPO,10,42,0,50,1.0,0.94,1.0,1.0,1.0,0.96
allenai/Llama-3.1-Tulu-3-8B-DPO,10,43,0,50,1.0,0.76,1.0,1.0,1.0,0.82
allenai/Llama-3.1-Tulu-3-8B-DPO,10,44,0,50,1.0,0.84,1.0,1.0,1.0,0.86
allenai/Llama-3.1-Tulu-3-8B-DPO,25,42,1,50,1.0,0.0,1.0,1.0,1.0,0.02
allenai/Llama-3.1-Tulu-3-8B-DPO,25,43,1,50,1.0,0.06,0.96,1.0,1.0,0.06
allenai/Llama-3.1-Tulu-3-8B-DPO,25,44,1,50,1.0,0.0,1.0,1.0,1.0,0.0
allenai/Llama-3.1-Tulu-3-8B-DPO,50,42,1,50,1.0,0.0,0.96,1.0,1.0,0.0
allenai/Llama-3.1-Tulu-3-8B-DPO,50,43,1,50,1.0,0.0,0.94,1.0,1.0,0.06
allenai/Llama-3.1-Tulu-3-8B-DPO,50,44,1,50,1.0,0.0,1.0,1.0,1.0,0.0
allenai/Llama-3.1-Tulu-3-8B-DPO,100,42,1,50,1.0,0.02,0.94,1.0,1.0,0.02
allenai/Llama-3.1-Tulu-3-8B-DPO,100,43,1,50,1.0,0.02,0.98,1.0,1.0,0.02
allenai/Llama-3.1-Tulu-3-8B-DPO,100,44,1,50,1.0,0.0,0.98,1.0,1.0,0.02
allenai/OLMo-2-1124-7B-Instruct,5,42,0,50,1.0,1.0,1.0,1.0,1.0,1.0
allenai/OLMo-2-1124-7B-Instruct,5,43,0,50,1.0,1.0,1.0,1.0,1.0,1.0
allenai/OLMo-2-1124-7B-Instruct,5,44,0,50,1.0,1.0,1.0,1.0,1.0,1.0
allenai/OLMo-2-1124-7B-Instruct,10,42,0,50,1.0,1.0,1.0,1.0,1.0,1.0
allenai/OLMo-2-1124-7B-Instruct,10,43,0,50,1.0,1.0,1.0,1.0,1.0,1.0
allenai/OLMo-2-1124-7B-Instruct,10,44,0,50,1.0,1.0,1.0,1.0,1.0,1.0
allenai/OLMo-2-1124-7B-Instruct,25,42,1,50,1.0,0.02,1.0,1.0,1.0,0.02
allenai/OLMo-2-1124-7B-Instruct,25,43,1,50,1.0,0.16,1.0,1.0,1.0,0.26
allenai/OLMo-2-1124-7B-Instruct,25,44,1,50,1.0,0.12,1.0,1.0,1.0,0.16
allenai/OLMo-2-1124-7B-Instruct,50,42,1,50,1.0,0.0,1.0,1.0,1.0,0.0
allenai/OLMo-2-1124-7B-Instruct,50,43,1,50,1.0,0.04,1.0,1.0,1.0,0.04
allenai/OLMo-2-1124-7B-Instruct,50,44,1,50,1.0,0.0,1.0,1.0,1.0,0.0
allenai/OLMo-2-1124-7B-Instruct,100,42,1,50,1.0,0.0,1.0,1.0,1.0,0.0
allenai/OLMo-2-1124-7B-Instruct,100,43,1,50,1.0,0.02,1.0,1.0,1.0,0.02
allenai/OLMo-2-1124-7B-Instruct,100,44,1,50,1.0,0.0,0.98,1.0,1.0,0.0
meta-llama/Llama-3.1-8B-Instruct,5,42,1,50,0.96,0.0,0.96,0.98,0.98,0.04
meta-llama/Llama-3.1-8B-Instruct,5,43,1,50,0.92,0.0,0.98,0.96,0.94,0.14
meta-llama/Llama-3.1-8B-Instruct,5,44,1,50,0.94,0.0,0.98,0.96,0.94,0.0
meta-llama/Llama-3.1-8B-Instruct,10,42,1,50,0.96,0.0,0.92,0.98,0.98,0.0
meta-llama/Llama-3.1-8B-Instruct,10,43,1,50,0.92,0.0,0.94,1.0,0.96,0.0
meta-llama/Llama-3.1-8B-Instruct,10,44,1,50,0.94,0.0,0.76,0.98,0.94,0.0
meta-llama/Llama-3.1-8B-Instruct,25,42,1,50,0.96,0.0,0.6,0.98,0.98,0.0
meta-llama/Llama-3.1-8B-Instruct,25,43,1,50,0.92,0.0,0.68,1.0,0.96,0.0
meta-llama/Llama-3.1-8B-Instruct,25,44,1,50,0.94,0.0,0.58,0.98,0.96,0.0
meta-llama/Llama-3.1-8B-Instruct,50,42,1,50,0.96,0.0,0.36,0.94,0.98,0.0
meta-llama/Llama-3.1-8B-Instruct,50,43,1,50,0.92,0.0,0.56,0.98,0.98,0.0
meta-llama/Llama-3.1-8B-Instruct,50,44,1,50,0.94,0.0,0.46,0.96,0.98,0.0
meta-llama/Llama-3.1-8B-Instruct,100,42,1,50,0.96,0.0,0.04,0.84,0.98,0.0
meta-llama/Llama-3.1-8B-Instruct,100,43,1,50,0.92,0.0,0.32,0.88,0.98,0.0
meta-llama/Llama-3.1-8B-Instruct,100,44,1,50,0.94,0.0,0.06,0.76,0.98,0.0
mistralai/Mistral-7B-Instruct-v0.3,5,42,0,50,0.16,0.04,0.04,0.08,0.12,0.1
mistralai/Mistral-7B-Instruct-v0.3,5,43,0,50,0.18,0.02,0.12,0.18,0.16,0.02
mistralai/Mistral-7B-Instruct-v0.3,5,44,0,50,0.18,0.06,0.08,0.14,0.12,0.04
mistralai/Mistral-7B-Instruct-v0.3,10,42,0,50,0.16,0.0,0.02,0.06,0.14,0.02
mistralai/Mistral-7B-Instruct-v0.3,10,43,0,50,0.18,0.06,0.14,0.16,0.18,0.06
mistralai/Mistral-7B-Instruct-v0.3,10,44,0,50,0.18,0.0,0.06,0.08,0.12,0.02
mistralai/Mistral-7B-Instruct-v0.3,25,42,0,50,0.16,0.0,0.02,0.02,0.08,0.0
mistralai/Mistral-7B-Instruct-v0.3,25,43,0,50,0.18,0.04,0.06,0.12,0.16,0.04
mistralai/Mistral-7B-Instruct-v0.3,25,44,0,50,0.18,0.0,0.08,0.04,0.1,0.0
